,Unnamed: 0,Cod,Nombre,Descripcion ,Stock,etiquetas
0,0,1,Cethapil loción limpiadora ,"Limpiador líquido, brinda una limpieza profunda sin resecar ni irritar la piel, manteniéndola suave y tersa.",15,86
1,1,2,Crema Pond´s Rejuveness 50 G Tarro,"La crema antiarrugas Pond´s Rejuveness desarrollada con una fórmula avanzada que activa la firmeza y ayuda a reducir la aparición de arrugas de afuera hacia dentro, para una piel firme y joven por fuera.",13,13
2,2,3,Crema anti-edad Cicatricure," Ayuda a reducir y prevenir líneas de expresión, bolsas, arrugas y ojeras gradualmente. ",25,13
3,3,4,La roche Posay Retinol B3 Serum,"Concentrado anti-arrugas que regenera y unifica la textura de la piel, incluso para pieles sensibles.",6,9
4,4,5,Crema Active Repair Institut Esthederm ,Crema Corrección de Arrugas Active Repair reestructura y regenera intensamente la piel a la vez que proporciona luminosidad y brillo duraderos,10,38
5,5,6,Bassa Velvet Sunscreen Face Color Bloq Solar ,"Revolucionario bloqueador solar facial en gel que cuenta con tecnología segunda piel, una capa de protección invisible, con textura aterciopelada, no grasosa, de rápida absorción y excelente esparcibilidad",3,101
6,6,7,Crema La Roche Posay Redermic Hyalu,"Redermic C combina un 5% de Vitamina C pura, un ingrediente activo líder en antienvejecimiento, y la Madecasosida, un ingrediente activo purificado al 95% reconocido por sus propiedades reparadoras de la piel, para intensificar la síntesis de las fibras de relleno y de sostén de la piel",16,96
7,7,8,Crema Avène Physiolift Contorno De Ojos Antiedad Frasco 15 Ml Frasco,Rellena las arrugas y retensa la piel alrededor del contorno de los ojos.,19,9
8,8,9,Crema Eucerin Anti-Manchas 30 Ml Tubo Dual Serum Facial Eucerin anti-pigment,Ayuda a reducir las manchas de pigmentación de la piel,12,13
9,9,10,Protector Solar La Roche Posay Anthelios Anti Pigmentación Spf 50,Protección solar dermatológica enriquecida con Procerad. Muy alta protección. Amplio espectro. Sin perfume. Para rostro y zonas expuestas. Muy alta protección,20,76
10,10,11,Nivea Crema Manos Q10 Anti Age,Crema de manos antiarrugas con Coenzima Q10 y Filtros UV que previene y reduce los primeros signos del envejecimiento dejando las manos suaves y cuidadas.,32,85
11,11,12,Protector Solar Photoderm Max Spf 100 Frasco, La crema fotoprotectora máxima que estimula los sistemas de autodefensa de la piel,18,20
12,12,13,Intensivo Hialurónico Mascarilla Institut Esthederm,"Mascarilla hialurónica intensiva, deshidratación intensa, arrugas, tirantez. Hidrata profundamente; las arrugas y las líneas de deshidratación se suavizan.",10,57
13,13,14,Hydrance Avene Aqua Gel,"Hidrata,calma y detoxifica",21,104
14,14,15,Corrector Pigmentbio,"Textura gel crema ligera y envolvente, de rápida absorción. Brinda 8 horas de hidratación, el pigmentbio c-concentrate elimina las células con altas concentraciones de melanina, reduce la intensidad y tamaño de las marcas existentes y suaviza la textura de la piel dándole intensidad.",25,98
15,15,16,Mascarilla Exfoliante Clarificante Osmoclean Institut Esthederm,"Macarilla clarificante pulidora exfoliante, sin granos. El primer producto que combina el poder limpiador de una rica mascarilla en crema y un exfoliante sin granos con un efecto suave que aclara y unifica el cutis. La piel está purificada, limpia y lista para recibir tratamientos.",5,95
16,16,17,LINEZOLIDA 600 MG CON REV CT BL AL PLAS OPC X 10,Linezolid es un antibiótico del grupo de las oxazolidinonas que actúa impidiendo el crecimiento de determinadas bacterias (gérmenes) que causan infecciones.,12,41
17,17,18,Amoxicilina Normon 500 mg,Amoxicilina Normon es un antibiótico. El principio activo es amoxicilina. Este pertenece a un grupo de medicamentos denominados “penicilinas”.,25,1
18,18,19,ZYVOX 600 MG CON REV CT BL AL PLAS PVC OPC X 10,"Zyvoxid está indicado para el tratamiento de la neumonía nosocomial y de la neumonía adquirida en la comunidad en adultos, cuando se tenga la certeza o se sospeche que estén causadas por bacterias Gram-positivas sensibles a linezolid.",41,41
19,19,20,LYNOZ 2 MG/ML SOL INFUS IV CX 1 ENV X BOLS PLAS TRANS SISTEMA CERRADO X 300 ML,"Antibacteriano, inhibe la síntesis proteica bacteriana por unión al ribosoma y bloqueo de la translación.",32,87
20,20,21,DERMAZINA 10 MG/G CREM VAG CT BG PLAS OPC X 30 G + 6 APLICACIONES,Es un antibiótico del grupo de las sulfamidas y clorhexidina es un desinfectante que potencia la acción antimicrobiana de la sulfadiazina.,21,1
21,21,22,NOVADERM 5 MG/G + 5 MG/G CREM VAG CT BG AL X 40 G + 8 APLICACIÓN,Crema vaginal indicada para la cauterización del cuello uterino ,25,16
22,22,23,ACETATO DE CLOSTEBOL + SULFATO DE NEOMICINA 5 MG/G + 5 MG/G CREM VAG CT BG AL X 45 G + 8 APLICACIÓN,La crema vaginal de acetato de clostebol + sulfato de neomicina está indicada para el tratamiento local después de la cauterización del cuello uterino .,12,16
23,23,24,TEICOPLANINA 200 MG PO LIOF SOL INY IV/IM CX 10 FA VD TRANS X 15 ML,"Teicoplanina es un antibiótico glicopéptido similar a la Vancomicina, pero con acción mas duradera. Puede ser administrada en forma intramuscular como intravenosa",32,68
24,24,25,TYGACIL 50 MG PO LIOF INY CT 10 FA VD INC,Tygacil está indicado en adultos y en niños a partir de ocho años de edad para el tratamiento de las siguientes infecciones ,12,12
25,25,26,UROCTRINA 80 MG + 400 MG + 50 MG CON REV CT BL AL PLAS INC X 20,Sistema genitourinario y hormonas sexuales,65,0
26,26,27,BIO-C 1 G CON EFEV CT TB PLAS X 10,La sustancia del remedio Bio-c es el ÁCIDO ASCÓRBICO ,25,14
27,27,28,REDOXÓN 2 G CON EFEV CT TB PLAST X 10,Es una fórmula de alta potencia que contiene 10 vitaminas y minerales* para ayudar a mantener su sistema inmunológico,35,31
28,28,29,CEBION 2 G CON EFEV EST CT TB PLAS X 10,Antioxidante. Cofactor en numerosos sistemas enzimáticos debido a su potencial redox,12,31
29,29,30,CENEVIT 2 G CON EFEV CT TB PLAS X 10 (SABOR NARANJA),Vitamina C sabor naranja 10 tabletas efervescentes,16,14
30,30,31,VITAMINA C MÉDICA 500 MG CON CT BL AL PLAS LAR X 20,500 mg comprimidos masticables. Ácido Ascórbico (Vitamina C),18,14
31,31,32,Neurobión 200MG,"Comprimido recubierto de Vitamina B1, Vitamina B6 y/o B12 100 mg+200 mg+0.2 mg",54,5
32,32,33,NEO QUÍMICA VITAMINA B1 300 MG CON REV CT BL AL PLAS INC X 30,"La vitamina B1 es un fármaco indicado para tratar y suprimir la deficiencia de vitamina B1 en el organismo . Su carencia se asocia con síntomas como falta de apetito, debilidad, irritabilidad y cambios cardíacos y neurológicos.",42,97
33,33,34,VITAUM 300 MG CON REV CT BL AL PVC X 30,sustancia del remedio Vitaum es el CLORHIDRATO DE TIAMINA,21,29
34,34,35,Dolo Neurobion Lidocaína Ampollas,"Ampolla de Clorhidrato de Lidocaína, Clorhidrato de Piridoxina y Clorhidrato de Tiamina.",12,27
35,35,36,Dolo Neurobión Forte Unidad,"Tableta de diclofenaco, tiamina, piridoxina y cianocobalamina.",7,27
36,36,37,SANY D 5000 UI CON REV CT BL AL PLAS OPC X 30,"Medicamento básico de vitamina D3 (colecalciferol), indicado para pacientes que presentan insuficiencia y deficiencia de vitamina D.",8,10
37,37,38,DPREV 50000 UI CON REV CT BL AL PLAS OPC X 8,"DPREV es un medicamento a base de colecalciferol (vitamina D3), indicado para pacientes con insuficiencia y deficiencia de vitamina D.",16,10
38,38,39,SOF D 50000 UI TAPÓN GEL MOLE CT BL AL PLAS TRANS X 4,"SOF D es un fármaco a base de vitamina D3 (colecalciferol), indicado para la prevención y tratamiento auxiliar de la osteoporosis",42,10
39,39,40,SANY D 50000 UI CON REV CT BL AL PLAS OPC X 4,"medicamento básico de vitamina D3 (colecalciferol), indicado para pacientes que presentan insuficiencia y deficiencia de vitamina D.",41,10
40,40,41,Farma D Mag 2000 Ui Unidad,"Cada CÁPSULA BLANDA de 2000 UI contiene: Vitamina D3 (1.000.000 UI/g) 2,0 mg",55,62
41,41,42,Dolo Neurobión Forte Unidad,"Tableta de diclofenaco, tiamina, piridoxina y cianocobalamina.",64,27
42,42,43,Dolo Neurobion Grageas,"Gragea de Diclofenaco Sódico, Vitamina B1 (Tiamina), Vitamina B12, Vitamina B6 (Piridoxina).",53,27
43,43,44,Ampollas Dexabion 3 Ml Caja,Caja con una jeringa y aguja.,46,30
44,44,45,Ferro-B Complex Folic Lamosan Unidad,"Tabletas recubiertas con suplemento de hierro, ácido fólico y vitaminas del complejo B.",28,2
45,45,46,Recom-B Liquicaps Unidad,"Para el buen funcionamiento del sistema nervioso (sueño relajado, entusiasmo, buena memoria). Para el buen funcionamiento cardiovascular y protección contra los efectos del estrés, contra infecciones y alergias, contra defectos congénitos. Para prevenir o corregir la anemia. Para el mantenimiento sano de piel y uñas.",32,77
46,46,47,CLORHIDRATO DE TRAMADOL 50 MG CAP GEL DURO CT BL AL PLAS AMB X 10,"Hidrocloruro de tramadol, el principio activo de Tramadol Aurovitas, es un analgésico de tipo opioide que actúa sobre el sistema nervioso central.",12,7
47,47,48,TYFLEN 500 MG CON CT BL AL PLAS TRANS X 200,La sustancia del medicamento Tyflen es PARACETAMOL,25,29
48,48,49,TYFLEN 500 MG CON CT BL AL PLAS TRANS X 20,La sustancia del medicamento Tyflen es PARACETAMOL,41,29
49,49,50,PARACETAMOL 750 MG CON REV CT BL AL PLAS TRANS X 200,"Para reducir y aliviar la fiebre dolor temporal de leve a moderado, como: dolor asociado con resfriados común, dolor de cabeza, dolor de cuerpo, dolor de muelas, dolor de espalda, dolores musculares, dolor leve asociado con la artritis y los calambres menstruales.",32,40
50,50,51,Femen Forte 400 Mg Unidad,Capsula de femen Forte de 400mg de Ibuprofeno.,25,39
51,51,52,CETOPROFENO 25 MG/G GEL CT BG AL X 30 G,Disminución de la síntesis de prostaglandinas mediante la inhibición de la vía de la ciclooxigenasa.,43,74
52,52,53,CETOFÉNIDO 25 MG/G GEL CT BG AL X 30 G,Disminución de la síntesis de prostaglandinas mediante la inhibición de la vía de la ciclooxigenasa.,28,74
53,53,54,OMEPRAZOL (OMEZZOL 20 MG CAP X 10),Inhibe la secreción de ácido en el estómago. Se une a la bomba de protones en la célula parietal gástrica,13,65
54,54,55,OXYPYNAL 20 MG CON REV LIB PROL CT BL AL AL ??X 14,"para el tratamiento del dolor moderado a severo, cuando se requiere la administración continua de un analgésico, las 24 horas del día, por un período prolongado de tiempo.",32,89
55,55,56,Femen 200 Mg Unidad,Cápsula Blanda de Ibuprofeno 200 mg.,58,39
56,56,57,Aquilea Sueño 0.55 G Unidad,"Comprimidos de Melatonina, Velriana, Pasiflora,Amapola 1.95 mg/ 50 mg/ 100 mg/ 100 mg",21,18
57,57,58,Ansiolife Calm Green Life 60Ml Gotero,Ansiolife Calm Green Life 60ml gotero,16,88
58,58,59,ALPRAZOLAM 0.5 MG CON CT BL AL PLAS OPC X 30,"Es un medicamento tranquilizante (ansiolíticos); pertenece al grupo de las benzodiazepinas. Este medicamento está indicado en el tratamiento de estados de ansiedad generalizada, ansiedad asociada a síntomas de depresión y en el tratamiento de trastornos por angustia con o sin agorafobia (fobia a espacios abiertos muy llenos de gente).",25,78
59,59,60,Good Sleep Nature'S Garden Unidad,"Nature's Garden Good sleep, frasco contiene 60 tabletas.",45,91
60,60,61,Neurexan Caja,"Passiflora incarnata D2 0,6 mg; Avena sativa D2 0,6 mg; Coffea arabica D12 0,6 mg; Zincum isovalerianicum D4 0,6 mg. Excipientes: Estearato de magnesio, lactosa. Elaborado conforme a las normas de la Farmacopea Homeopática Alemana (HAB).",43,59
61,61,62,SOMALIUM 2.5 MG/ML SOL O CT FR PLAS OPC GOT X 20 ML,"Está indicado para la ansiedad, la tensión y otras dolencias somáticas o psicológicas asociadas con síndrome de ansiedad También está indicado para uso adyuvante en el tratamiento de la ansiedad y la agitación.",35,35
62,62,63,BROMAZEPAM 3 MG CON CT BL AL PLAS TRANS X 30,"indicado para la ansiedad, la tensión y otras dolencias físicas o psicológicas asociadas con síndrome de ansiedad También está indicado como coadyuvante en el tratamiento de la ansiedad y la agitación. Asociado con afecciones psiquiátricas, como trastornos del estado de ánimo",17,35
63,63,64,"Alprazolam Alter 0,50 mg comprimidos EFG","Alprazolam Alter pertenece a un grupo de medicamentos llamados tranquilizantes (ansiolíticos) derivados del compuesto llamado benzodiazepina, que actúan sobre la ansiedad, la tensión psíquica y las crisis de angustia.",25,78
64,64,65,SULPAN 1 MG + 25 MG CAP GEL DURA CT BL AL PLAS TRANS X 20,"Está indicado para el tratamiento de pacientes que presenten síntomas de ansiedad, tensión, excitación, insomnio, tristeza, depresión e inhibición psicomotora.",34,35
65,65,66,Diazepam Normon 5MG ,"Facilita la unión del GABA a su receptor y aumenta su actividad. Actúa sobre el sistema límbico, tálamo e hipotálamo.",32,7
66,66,67,CLORHIDRATO DE BUPROPIÓN 150 MG CON REV LIB PROL CT BL AL AL ??X 61,indicado en el tratamiento de episodios de depresión mayor.,34,17
67,67,68,Ezentius 20 Mg ,"Está destinado al tratamiento de la depresión en su fase inicial y al tratamiento de mantenimiento para la prevención de las recidivas, trastornos de ansiedad. Antidepresivo.",53,17
68,68,69,Lexapro 10 Mg ,Trastornos depresivos mayores. Tratamiento de los trastornos de pánico con o sin agorafobia. Tratamiento de los trastornos de ansiedad generalizada. Tratamiento de los desórdenes de ansiedad social (fobia social). Tratamiento del trastorno obsesivo compulsivo,15,36
69,69,70,Fapris 100 Mg,Tratamiento del trastorno depresivo mayor.,32,17
70,70,71,Novo Humorap 10 Mg,"indicado para el tratamiento de: Trastorno depresivo mayor (según DSM-IV), tanto inicial como de mantenimiento para evitar la recaída. Trastorno de angustia (trastornos de pánico) con o sin agorafobia (según DSM-IV). Fobia social (según DSM-IV). Trastorno de ansiedad generalizada (según DSM-IV). Trastorno obsesivo-compulsivo (según DSM-IV).",19,36
71,71,72,Sertralina 50 Mg,indicada como antidepresivo y en tratamiento del trastorno obsesivo compulsivo y en el trastorno de pánico.,23,36
72,72,73,Serolux 50 Mg,"Episodios depresivos mayores. Prevención de reaparición de episodios depresivos mayores.  Trastorno obsesivo-compulsivo.  Trastorno de angustia, con o sin agorafobia, trastorno de ansiedad social y trastorno por estrés postraumático.",26,36
73,73,74,Fluoxetina Mintlab 20 G,"Indicado en episodios depresivos mayores, trastorno obsesivo-compulsivo, bulimia nerviosa (complemento a psicoterapia), episodios depresivos de moderados a graves, si no hay respuesta a la terapia psicológica después de 4 a 6 sesiones.",11,36
74,74,75,Paxil 25 Mg,"Indicado para Episodio depresivo mayor, trastorno obsesivo compulsivo, trastorno de angustia con y sin agorafobia, trastorno de ansiedad social/fobia social",8,36
75,75,76,Prozac Eli 20 Mg,Indicado para Episodios depresivos mayores.  Trastorno obsesivo-compulsivo.  Bulimia nerviosa.  Episodios depresivos de moderados a graves.,25,36
76,76,77,Intensivo Vitamina C Crema Institut Esthederm 50 Ml Unidad,"Gel - Crema intensiva de vitamina C, manchas oscuras, falta de luminosidad, pérdida de firmeza. Evita la aparición de nuevas manchas oscuras, la piel se alisa, se mejora la uniformidad del tono. Textura gel-crema ultraligera y confortable. Probado bajo control dermatológico.",3,38
77,77,78,Parches Lift&Repair Institut Esthederm Contorno De Ojos Caja,"Parches de elevación y reparación de contorno de ojos tratamientos completos de múltiples acciones: hinchazón, ojeras, flacidez y marcas de fatiga.",5,60
78,78,79,Mascarilla Lift&Repair Repulpante Instantánea Institut Esthederm 50 Ml Unidad,"Máscarilla rellenado instantanea rellena y levanta instantáneamente para

Piel radiante y juvenil ""sin arrugas"". Suavizada, hidratada y tersa, la piel luce radiantemente bella.",100,57
79,79,80,Serum Avène A-Oxitive 30 Ml Frasco,"A-Oxitive es un potente sérum antioxidante con acción anti-edad. Su innovador mecanismo de acción libera Vitaminas C y E a lo largo del día, a partir de las Pre-moléculas de Vitaminas C y E que se vuelven puras y activas sólo al entrar en contacto y de acuerdo a la necesidad de su piel.",6,94
80,80,81,Queratol Crema Hidratante 200 G Tubo,Crema hidratante Urea 10% 200 mg.,5,5
81,81,82,Unguento Dérmico Dermabiótico Saval 15 G Tubo,Unguento de Polimixima B y Bacitracina 15 G.,11,92
82,82,83,Agua Termal Con Protector Solar Avène Spf50 200 Ml Spray,Agua Termal on protector solar Avène SPF50 200 ML en Spray. ,10,28
83,83,84,Humectante Cetaphil Ultra 226 G Tubo,Loción corporal especialmente formulada para proporcionar una hidratación intensa diaria a las pieles muy secas y sensibles.,8,69
84,84,85,Discrom Control Neoretin Gelcream 40 Ml Tubo,Crema de día despigmentante con factor de protección solar de 40 ml.,7,48
85,85,86,Protector Solar Photoderm Cover Touch Bioderma Spf 50+ 40 G Unidad,"PHOTODERM COVER TOUCH SPF50+ 40 G: Protector solar mineral de alta cobertura, control del brillo.",4,28
86,86,87,Ensure Advance Vainilla 900 G Tarro,"Nutrición Especializada. Contiene HMB (Beta-Hidroxy-Beta-Metilbutirato), proteína, HMB, vitaminas y minerales. Libre de lactosa y gluten. Para preparar una porción de 230 ml, sirve 190 ml de agua fría o a temperatura ambiente en un vaso y adiciona gradualmente 6 medidas de polvo al ras (cucharada medidora incluida en la lata). Revuelve hasta disolver el polvo completamente.",14,4
87,87,88,Pediasure Vainilla 1600 G Tarro,"PediaSure satisface las necesidades diarias de proteínas, vitaminas y minerales. Puede utilizarse como suplemento alimentario o como única fuente de alimentación. Cuando se toma el número correcto de raciones, proporciona el 100% de la cantidad diaria recomendada (CDR) de proteínas, vitaminas y minerales para niños de entre 1 y 10 años de edad.",10,4
88,88,89,Curamed Tutti Frutti ,"Tabletas masticables para la garganta, Calostro + Vitamina C. Alivia la garganta irritada, evita la infección de la mucosa, fortalece el sistema inmunológico.",15,103
89,89,90,Chupete 90 G,Chupetes de vitamina C,21,14
90,90,91,Pharmaton 29.25 G ,"Para estados de agotamiento (ej. : causados por el estrés), fatiga, sensación de debilidad, disminución de la concentración, también como disminución en la alerta mental. Para nutrición deficiente o mal equilibrada ",34,90
91,91,92,Chupete Pectina + Vitamina C Bee Farma Cereza/Uva,Acción protectora sobre la garganta irritada.,21,102
92,92,93,Magnesio Live Nature'S Garden 890 Mg,"Mantener el buen estado de su sistema óseo, articulaciones y piel",37,20
93,93,94,Beralclausii 5 Ml,"Prevención, tratamiento de la disbiosis intestinal de diversa etiología. Reduce la intensidad y frecuencia de diarreas. Coadyuvante al tratamiento",31,37
94,94,95,Ton Was 10 Ml ,"Suplemento energético bajo condiciones normales o de estrés. En estados de convalecencia y en períodos de intensa actividad: exámenes, deportes, estrés; estados de fatiga, cansancio, decaimiento. Protección de anemias y anorexia.",26,55
95,95,96,Pharmaton 50+,"Pharmaton® 50 Plus es una fórmula completa y equilibrada con vitaminas, minerales esenciales y ácidos grasos Omega-3 (EPA y DHA), que ha sido especialmente desarrollada para cubrir las necesidades nutricionales específicas del organismo a partir de los 50 años, y para contribuir a compensar ligeras carencias causadas por dietas desequilibradas o restrictivas.",18,82
96,96,97,Oxímetro Drive Pulso Unidad,Oxímetro de pulso Drive para niños y adultos.  Pantalla LED de visualización múltiple y fácil de leer.  Muestra SpO2 y pulso. ,5,58
97,97,98,Termometro Digital Scanmed Dmt- 437 Unidad,Se puede utilizar para medir la temperatura corporal. El termómetro está diseñado con la tecnología más actualizada.,20,93
98,98,99,Zapatones Desechables Unidad,Zapatones Desechables Unidad,21,25
99,99,100,Mascarilla Para Nebulización Prodimeda Unidad,"Para administración de medicamentos como: broncodilatadores, antiinflamatorios, mucoliticos o combinados.",22,80
100,100,101,Medias No Varix T.V.P Paquete,Medias para varices,120,64
101,101,102,Catéter Nipro #18 Unidad,Catéter elaborado en poliuretano unidad,280,25
102,102,103,Pato Plástico Prodimeda Unidad,Instrumento médico para la micción de pacientes varones.,20,67
103,103,104,Nebulizador Con Compresor Elite Omron Unidad,Nebulizador con compresor silencioso.,10,52
104,104,105,Equipo Venoclisis Safti Unidad,Equipo de venoclisis.,10,56
105,105,106,Balanza Omron Con Medidor Mano Pie Unidad,Balanza control corporal Premium.,14,83
106,106,107,Farma D Mag 2000 Ui,"Tratamiento del déficit de vitamina D: raquitismo, osteomalacia.
Prevención del deficit de vitamina D en pacientes con alto riesgo. Como coadyuvante para el tratamiento específico de la osteoporosis en pacientes con déficit de vitamina D o en riesgo de insuficiencia de vitamina D o con ingestión inadecuada de vitamina D y/o Ca con alimentos.",12,10
107,107,108,Ferrum Hausmann 5 Ml Ampollas Bebibles,"Tratamiento de la anemia por deficiencia de hierro. Suplementación de hierro en lactantes, Embarazo y Lactancia.",12,26
108,108,109,Gestavit Dha Vitamina,"Complemento multivitamínico prenatal. Prevención y tratamiento de las deficiencias de hierro y ácido fólico, durante el embarazo, el período de lactancia y otros estados de anemia y como suplemento hematínico durante la infancia",15,26
109,109,110,Vitamina E 1000Iu Nature'S Bounty 450 Mg,"Gran poder antioxidante, elimina los radicales libres que de otro modo causarí­an estrés, daño o envejecimiento prematuro a las células. Aumenta el funcionamiento y la salud de varios órganos importantes del cuerpo y mejora la salud neurológica.",8,73
110,110,111,Maddre Immuvit Dha Polvo Chocolate 400 G,"Brinda mayor cantidad de DHA, ácido fólico, proteínas, aminoácidos esenciales, vitaminas, minerales, calcio, hierro, zinc, entre otros, necesarios para complementar los requerimientos propios de estas etapas de pre gestación, gestación, lactancia, tratmiento de anemia durante el embarazo.",2,2
111,111,112,Vitamina C Triple C 1000 Mg,"Mantiene huesos y articulaciones fuertes. Suplemento dirigido a adultos y niños a partir de los 12 años. Triple C Forte con Vitamina C, Vitamina D3 y Zinc. Ayuda al mantenimiento normal del sistema inmunológico. Potente Antioxidante. +Vitamina D3 + Zinc",12,66
112,112,113,Immuvit Plus Q10,"Tratamiento para la rinitis, sinusitis, alergias y procesos post operatorios nasales. Congestión nasal y para la limpieza de la nariz",47,54
113,113,114,Velnatal 1 G,Multivitamínico recomendado en embarazo y lactancia.,6,26
114,114,115,Supradyn Energy 35.73 G,"La fórmula multivitamínica y multimineral única de los comprimidos Supradyn® está diseñada para combatir la fatiga y cubrir posibles carencias nutricionales para que puedas disfrutar de tu vitalidad, fuerza y salud durante todo el día. ",9,47
115,115,116,Emulsión Scott Naranja 400 Ml,"Estados en que se requiera mayor aporte de vit. A y D, Ca y fósforo como crecimiento, dentición, Embarazo, Lactancia, mala nutrición, menopausia y senectud. Deficiencia de vit. A y D, Ca y fosforo como raquitismo, hipocalcemia, osteoporosis, hipovitaminosis A y D.",19,53
116,116,117,Gasa Cureband Antiadherente Esteril 7.5/7.5/2 Cm Sobres,1 Sobre con Gasa Estéril de 7.5 * 7.5 * 2 cm.,28,22
117,117,118,Algodón Sana 25 G Unidad,Algodón hidrófilo.  Celulosa Natural Cultivada no proveniente de la Tala de Árboles. Empacado en Zig zag.  ,23,42
118,118,119,"
Cinta Adhesiva Nexcare Steri-Strip Unidad",Cinta Adhesiva Nexcare Steri-Strip.,32,100
119,119,120,Agua Oxigenada Laturi 10 Vo 100 Cc Frasco,Agua Oxigenada Laturi 10 Vo 100 Cc,10,75
120,120,121,Alcohol Antiséptico Fybeca 500 Ml Spray,"
Alcohol Antiséptico 500 Ml",15,8
121,121,122,Esparadrapo Leukoplast Impermeable Caja,Esparadrapo Leukoplast Impermeable Caja,20,30
122,122,123,Vendas Wata Algodón Herenco 4 Pulgadas Unidad,Vendas Wata de algodón no adhesiva de 4 pulgadas.,21,43
123,123,124,Gasa Sana Hidrófila Estéril 1 Yarda Paquete,Rollo de gasa hidrófila estéril 1 yarda.,15,22
124,124,125,Curitas Cureband Venditas Standard Unidad,Curitas venditas Standart.,30,23
125,125,126,Jeringa Vanjerin 5 Cc 21 G Unidad,Jeringas descartables 5ml Luer lock tamaño 21x1-1/2.,32,72
126,126,127,"CODEISAN 1,26MG/ML 250ML JARABE","El fosfato de codeína es una sal hidrosoluble de codeína. La codeína calma la tos (antitusígeno), por lo que se utiliza en el tratamiento sintomático de la tos improductiva",25,71
127,127,128,EFFERALGAN PEDIATRICO 150MG/5ML 90ML JARABE,"indicado para el tratamiento sintomático del dolor ocasional leve o moderado y estados febriles, en niños de 4 a 32 kg (aproximadamente, desde 1 mes hasta 10 años).",10,12
128,128,129,Tussolvina Forte Menta 120 Ml,"Tratamiento de la congestión e inflamación originada por la tos seca, tos con flema o tos irritativa (tos alérgica), acompaña a los estados gripales, tos nocturna, tos aguda o crónica de cualquier causa, tratamiento coadyuvante en cuadros alérgicos como: Rinitis.",5,15
129,129,130,Abrilar 200 Ml,Afecciones broncopulmonares con secreciones o tos seca irritativa.,6,15
130,130,131,Umbral Infantil 105 Mg,"Alivio sintomático de dolor leve o moderado; dolores asociados a gripes y resfriados, dolores de garganta, dolores de cabeza, dolores dentales, reacciones post-vacunas y estados febriles.",8,40
131,131,132,Eucamiel 240 Ml,"Eucamiel jarabe para la tos: antiséptico de las vías respiratorias, balsámico broncodilatador, expectorante mucolítico, indicado para la fiebre, tos, flema, gripe, resfrío, asma , bronquitis, faringitis, rinitis, sinusitis, traqueítis.",12,3
132,132,133,Muxol Adulto 30 Mg,"Alivio de la tos productiva, (con secreción o flema), por su acción broncosecretolitica, está indicado en bronquitis aguda y crónica, asma bronquial, rinitis, sinusitis y rinitis seca. Profilaxis pre y post operat. de complicaciones broncopulmonares.",20,11
133,133,134,Tempra 160 Mg 5 Ml,Oral o rectal: fiebre; dolor de cualquier etiología de intensidad leve o moderado.,21,37
134,134,135,Bisolvon Adultos 8 Mg 120 Ml,Terapia secretolítica en enfermedades broncopulmonares agudas y crónicas asociadas a secreción mucosa anormal y deterioro del transporte mucoso.,15,11
135,135,136,Guaifenesina 125 Ml,Alivio de la tos y para facilitar la expulsión del exceso de mocos y flemas en catarros y gripes para adultos y niños ? 6 años.,12,3
136,136,137,Enterogermina 5 Ml,"Tratamiento y profilaxis de las alteraciones de la flora bacteriana intestinal y de la disvitaminosis endógena subsiguiente. Tratamiento para la recuperación de la flora bacteriana intestinal alterada durante el curso de un tratamiento con agentes antibióticos o quimioterápicos. Desórdenes agudos y crónicos en lactantes, atribuibles a intoxicaciones o alteraciones de la flora bacteriana intestinal y disvitaminosis",5,81
137,137,138,Ivermin 6 Mg,"Oral. Puede deglutirse o disolverse en no menos de una cucharada de agua. En el tto. de ectoparasitosis causadas por Sarcoptes scabiei y Pediculus humanus, así como en parasitosis causadas por nematodos (Ascaris lumbricoides, Enterobius vermicularis, Trichuris trichiura, Strongyloides stercoralis, Onchocerca volvulus, Gnathostoma spinigerum y larva migrans)",12,32
138,138,139,Azitromicina Medigener 500 Mg,"Oral. Infección por germen sensible: sinusitis bacteriana aguda y otitis media bacteriana aguda (diagnosticadas adecuadamente); faringitis, amigdalitis; exacerbación aguda de bronquitis crónica (diagnosticada adecuadamente); neumonía adquirida en la comunidad de leve a moderadamente grave; infecciones de piel y tejidos blandos de gravedad de leve a moderada",6,99
139,139,140,Fluimucil 600 Mg,"Infecciones respiratorias como EPOC, enfisema, sinusitis, pacientes alérgicos, como antioxidantes en diferentes enfermedades. Prevención de nefrotoxicidad en exámenes con medio de contraste.",20,44
140,140,141,Buscapina 10 Mg,"Espasmos del tracto gastrointestinal, biliar y genitourinario; discinesia biliar.",14,0
141,141,142,Glucovance 500 / 2.5 Mg,Tratamiento inicial de la diabetes mellitus tipo 2 (terapia de primera línea). En pacientes obesos cuya hiperglucemia no se controla adecuadamente con dieta y ejercicio. En estos casos GLUCOVANCE ha logrado un mejor control que la monoterapia.  Terapia de segunda línea: GLUCOVANCE está indicado como terapia de segunda línea cuando el tratamiento inicial con dieta y ejercicio o con sulfonilurea o metformina solas no logra el control glucémico adecuado en pacientes con diabetes tipo 2.  Como terapia de reemplazo de un tratamiento previo con la combinación de metformina y una sulfonilurea.,5,6
142,142,143,Janumet Msd 50 Mg/500 Mg,En adultos con diabetes mellitus tipo 2: Como adyuvante a la dieta y el ejercicio para mejorar el control glucémico en pacientes que no estén adecuadamente controlados. Como adyuvante a la dieta y el ejercicio en combinación con una sulfonilurea. Como adyuvante a la dieta y el ejercicio junto con un agonista PPAR-gamma (una tiazolidindiona). Como terapia adicional a insulina (terapia de combinación triple).,12,6
143,143,144,Glibenclamida Mintlab 5 Mg,"Diabetes mellitus tipo II cuando no pueda controlarse mediante dieta, ejercicio físico y pérdida de peso. Coadyuvante de insulina en diabetes insulinodependiente.",5,6
144,144,145,Insulina Regular Humulin 10 Ml,diabetes mellitus. ,20,33
145,145,146,Glicem 5 Mg,"Diabetes mellitus tipo II cuando no pueda controlarse mediante dieta, ejercicio físico y pérdida de peso. Coadyuvante de insulina en diabetes insulinodependiente.",12,6
146,146,147,Amaryl M 2 Mg,Hipoglucemiante oral sinérgico. Diabetes no insulino-dependiente que no puede controlarse satisfactoriamente solo con dieta. Diabetes no insulino-dependiente en especial cuando se asocia a obesidad. Diabetes no insulino-dependiente asociada a la falta de reacción favorable de otros ttos. con hipoglucemiantes orales.,14,6
147,147,148,Kombiglyze Xr 2.5 Mg,"En adultos con diabetes mellitus tipo 2, junto con la dieta y el ejercicio, para mejorar el control glucémico: En pacientes no controlados adecuadamente con la dosis máxima tolerada de metformina. En combinación con otros medicamentos para el tratamiento de la diabetes, incluyendo insulina, en pacientes no controlados adecuadamente con metformina y estos medicamentos. En pacientes que estén recibiendo ya tratamiento con la combinación de saxagliptina y metformina en comprimidos distintos.",21,6
148,148,149,Diamicron Mr 30 Mg,"Diabetes mellitus tipo II, cuando la dieta, ejercicio físico y reducción de peso por sí solos no son adecuados.",3,6
149,149,150,Janumet Msd 850 Mg,"Como terapia inicial en pacientes con diabetes mellitus tipo II, para mejorar el control glicémico cuando la dieta y ejercicios no proporcionan el control glicémico adecuado. Como complemento, para pacientes que siguen un tratamiento con metformina o sitagliptina sola o en pacientes que ya están siendo tratados con una combinación de sitagliptina y metformina. También en combinación con una sulfonilurea.",21,6
150,150,151,Galvus Met 50 Mg/1000 Mg,"Diabetes mellitus tipo 2: En adultos sin control suficiente de la glucemia con la dosis máxima tolerada de metformina en monoterapia por vía oral o que ya están en tratamiento con esta combinación en formas individuales. En combinación con una sulfonilurea (terapia triple), como coadyuvante a dieta y ejercicio, en adultos controlados inadecuadamente con metformina y una sulfonilurea. En combinación con insulina (terapia triple), como coadyuvante a dieta y ejercicio, en adultos no controlados adecuadamente con insulina y metformina.",22,6
151,151,152,Toallas Sanitarias Nosotras Básicas 42 Unidad,"Son mas gruesitas, pero igualmente cómodas. Su cubierta tela tipo algodón además de tener los beneficios de los extractos de algodón, es muy suave con tu piel.",30,70
152,152,153,Protectores Carefree Diarios Con Perfume Paquete,Paquete de 15 protectores Íntimos Carefree.,10,61
153,153,154,Jabón Íntimo Lactibon Fem Espuma Fresh 200 Ml Frasco,Jabón íntimo en espuma. 3. 5PH. Solución. Limpiador para la higiene diaria femenina.,20,63
154,154,155,Desodorante Rexona Antibacterial Invisible 50 Ml Roll On,Desodorante rexona roll on women ap antibac invisible 12x50 ml,15,21
155,155,156,Copa Menstrual Divacup Talla Mediana Modelo 1 Unidad,"La mejor copa menstrual reutilizable del mundo. Tienes entre 19 y 30 años, y tu flujo es regular. Úsala hasta por 12 horas. 100% silicona de grado médico. ¡Solo lo mejor para tu vagina. Sin químicos, plásticos ni tinturas.",10,51
156,156,157,Pañales Nappis Fisher-Price P Paquete,"Pañales con cubierta hipoalergénica, sistema autoajustable fit & flex. Ajuste más cómodo y máxima absorción. Talla Pequeño de 3, 5 a 6 kg",13,79
157,157,158,Cepillo Dental Oral B Whitening Therapy Purification 2 Un Paquete,Blanquea y purifica delicadamente tus dientes con la tecnología del Cepillo Dental Oral-B Whitening Theraphy Purification. Con cerdas extra suaves y 20 veces más delgadas que un cepillo de cerdas planas. Con cabeza compacta para áreas difíciles de alcanzar,32,34
158,158,159,Toallas Sanitarias Nocturnas Nosotras Buenas Noches Paquete,"Nosotras Buenas Noches, 8 cm más larga y más ancha atrás que una toalla normal para mayor seguridad mientras duermes.",17,50
159,159,160,Preservativos Five Steel Caja,Preservativos listos para cualquier momento.,20,19
160,160,161,Preservativos Five Skin 5 Ultra Sensitivos Caja,Preservativos Five Skin 5 Ultra Sensitivos Metal Box más Lubricante.,15,19
161,161,162,Multiflora 6.81 G Unidad,"Capsulas de probióticos y Vitaminas C, E, A de 0.227 g c/u",12,62
162,162,163,Diaren 100 Ml Frasco,"Cada 5 mL de suspensión contiene: Nifuroxazida: 200 mg, Atapulgita: 500 mg, Excipientes c.s. Frasco 100 ml Suspensión.",5,24
163,163,164,Ciruelax Forte Unidad,Comprimido con extracto seco de hojas de Cassia Angustifolia Vahl 125 mg.,19,46
164,164,165,Duphalac 15 Ml Sobres,"Sobre de Lactulosa 66,7 g/100 ml. Cada sobre de 15 ml contiene 10 g de Lactulosa.",21,24
165,165,166,Ciruelax Té Laxante 1500 Mg Unidad,"bolsa autofiltrante para infusión, Ciruelax.",5,49
166,166,167,Leche De Magnesia Phillips Frasco 120 Ml,Frasco con leche de magnesia de 120 ml.,7,8
167,167,168,Leche De Magnesia Mk 360 Ml Frasco,Cada 100 ml contiene: Hidróxido de magnesio 8.5 g. Vehículo cbp 100.0 ml.,10,24
168,168,169,Plantaben 5 G Sobres,"Para el tratamiento sintomático del estreñimiento. - En situaciones en las que sería deseable facilitar la deposición de las heces, por ejemplo en casos de deposiciones dolorosas tras cirugía rectal o anal, fisuras anales y hemorroides.",17,45
169,169,170,Neolax Sobres,"Estreñimiento crónico funcional, laxante",21,84
170,170,171,Dulcolax 5 Mg Unidad,1 Comprimido de Dulcolax de 5mg de Picosulfato Sódico.,13,18
